following,followers,username_length,full_name_length,description_length,username_has_number,full_name_has_number,description_has_number,emoji_avg_sentiment_score,emoji_avg_neutrality,is_fake
0.010530525193281792,0.025120420448651138,0.38461538461538464,0.8333333333333334,0.5733333333333334,0.0,0.0,1.0,0.3333333333333333,0.0,0.0
0.009197547320714476,0.011444835175775402,0.46153846153846156,0.6,0.84,0.0,0.0,0.0,0.9096045197740112,0.5579710144927535,0.0
0.03372434017595308,0.4717671008947177,0.4230769230769231,0.5666666666666667,0.8533333333333334,0.0,0.0,0.0,0.5026455026455027,0.29271206690561524,0.0
0.0418555051986137,0.006419590615519165,0.4230769230769231,0.5666666666666667,0.9066666666666666,0.0,0.0,1.0,0.6713949589939036,0.3667510014758591,0.0
0.08864302852572647,0.008758803988537197,0.5384615384615384,0.3,0.9533333333333334,0.0,0.0,0.0,0.3333333333333333,0.0,0.0
0.03612370034657425,0.048321483724680814,0.038461538461538464,0.26666666666666666,0.29333333333333333,0.0,0.0,0.0,0.3333333333333333,0.0,0.0
0.043588376432951215,0.03322025023103797,0.07692307692307693,0.5,0.15333333333333332,0.0,0.0,0.0,0.3333333333333333,0.0,0.0
0.08957611303652359,0.0072214859285568535,0.23076923076923078,0.36666666666666664,0.6266666666666667,0.0,0.0,1.0,0.978494623655914,0.25225225225225223,0.0
0.07278059184217542,0.07804154107839167,0.3076923076923077,0.43333333333333335,0.3466666666666667,0.0,0.0,0.0,0.3333333333333333,0.0,0.0
0.047454012263396426,0.05323215726940878,0.11538461538461539,0.43333333333333335,0.66,0.0,0.0,0.0,0.3333333333333333,0.0,0.0
0.12263396427619301,0.016513597380756945,0.38461538461538464,0.4,0.8866666666666667,0.0,0.0,0.0,0.48148148148148145,0.5185185185185185,0.0
0.01572913889629432,0.012545653444920379,0.2692307692307692,0.36666666666666664,0.44,0.0,0.0,0.0,0.3333333333333333,0.0,0.0
0.06251666222340709,0.028587886021231624,0.15384615384615385,0.7333333333333333,0.6666666666666666,0.0,0.0,0.0,0.3333333333333333,0.0,0.0
0.073980271927486,0.022260318682511705,0.23076923076923078,0.36666666666666664,0.5466666666666666,0.0,0.0,0.0,0.45679012345679015,0.23569023569023567,0.0
0.001466275659824047,0.07527427695433289,0.19230769230769232,1.0,0.72,0.0,0.0,0.0,0.4222222222222222,0.14814814814814814,0.0
0.02426019728072514,0.06567632044113353,0.4230769230769231,0.5,0.26,0.0,0.0,0.0,0.3333333333333333,0.0,0.0
0.11770194614769394,0.05574808790849262,0.4230769230769231,0.5333333333333333,0.44,0.0,0.0,0.0,0.3333333333333333,0.0,0.0
0.03345774460143962,0.018565136218117152,0.11538461538461539,0.43333333333333335,0.4066666666666667,0.0,0.0,0.0,0.3333333333333333,0.0,0.0
0.021994134897360705,0.009007236297197112,0.4230769230769231,0.5333333333333333,0.8466666666666667,0.0,0.0,0.0,0.3333333333333333,0.0,0.0
0.046520927752599306,0.007055406308979452,0.19230769230769232,0.23333333333333334,0.31333333333333335,0.0,0.0,0.0,0.3333333333333333,0.0,0.0
0.021194348173820314,0.011453284215570023,0.23076923076923078,0.4,0.18666666666666668,0.0,0.0,0.0,0.3333333333333333,0.0,0.0
0.05878432418021861,0.009695883938288824,0.11538461538461539,0.8333333333333334,0.8333333333333334,0.0,0.0,0.0,0.6105820105820106,0.36859020830312694,0.0
0.065049320181285,0.05603153792425314,0.4230769230769231,0.4666666666666667,0.44,0.0,0.0,0.0,0.3333333333333333,0.0,0.0
0.053585710477206075,0.01158877423926449,0.2692307692307692,0.36666666666666664,0.8866666666666667,0.0,0.0,1.0,0.3333333333333333,0.0,0.0
0.0021327645961077045,0.05778252507494324,0.4230769230769231,0.36666666666666664,0.0,0.0,0.0,0.0,0.6908184439593607,0.576071169208424,0.0
0.046654225539856035,0.037295792179680744,0.15384615384615385,0.3,0.62,0.0,0.0,0.0,0.3333333333333333,0.0,0.0
0.013729672087443348,0.03751266783368604,0.15384615384615385,0.3,0.9,0.0,0.0,0.0,0.3333333333333333,0.0,0.0
0.00013329778725673153,0.006767782671151716,0.07692307692307693,0.2,0.6333333333333333,0.0,0.0,1.0,0.40175438596491225,0.16898148148148148,0.0
0.0003998933617701946,0.007813987568612183,0.4230769230769231,0.5666666666666667,0.10666666666666667,0.0,0.0,1.0,0.3333333333333333,0.0,0.0
0.05411890162623301,0.0555432241423881,0.5,0.6333333333333333,0.76,0.0,0.0,0.0,0.5412101682778374,0.27345909342178,0.0
0.039589442815249266,0.008877345034812334,0.19230769230769232,0.5666666666666667,0.74,0.0,0.0,0.0,0.3333333333333333,0.0,0.0
0.05785123966942149,0.05487213625267678,0.15384615384615385,0.26666666666666666,0.9133333333333333,0.0,0.0,0.0,0.3333333333333333,0.0,0.0
0.01572913889629432,0.007917564652841425,0.15384615384615385,0.3333333333333333,0.9133333333333333,0.0,0.0,0.0,0.3333333333333333,0.0,0.0
0.04865369234870701,0.007300326667363288,0.2692307692307692,0.36666666666666664,0.8133333333333334,0.0,0.0,0.0,0.3333333333333333,0.0,0.0
0.046387629965342576,0.04848104842200694,0.34615384615384615,0.5333333333333333,0.49333333333333335,0.0,0.0,0.0,0.3333333333333333,0.0,0.0
0.011996800853105838,0.012995183080258293,0.19230769230769232,0.0,0.98,0.0,0.0,1.0,0.5555555555555555,0.7777777777777777,0.0
0.00026659557451346307,0.0071458517530459675,0.2692307692307692,0.4,0.6866666666666666,0.0,0.0,0.0,0.3333333333333333,0.0,0.0
0.13543055185283925,0.015541397928244544,0.3076923076923077,0.3,0.9,0.0,0.0,0.0,0.3333333333333333,0.0,0.0
0.02252732604638763,0.03332062075197167,0.38461538461538464,0.5,0.68,0.0,0.0,0.0,0.3333333333333333,0.0,0.0
0.019594774726739535,0.014524102998274106,0.46153846153846156,0.6,0.7266666666666667,0.0,0.0,0.0,0.5,0.2777777777777778,0.0
0.0321247667288723,0.04818187097674921,0.3076923076923077,0.4666666666666667,0.16666666666666666,0.0,0.0,0.0,0.3333333333333333,0.0,0.0
0.06091708877632631,0.02673942952592285,0.038461538461538464,0.43333333333333335,0.0,0.0,0.0,0.0,0.3333333333333333,0.0,0.0
0.06185017328712343,0.015520122635267728,0.34615384615384615,0.4666666666666667,0.6066666666666667,0.0,0.0,0.0,0.4701754385964912,0.33796296296296297,0.0
0.016395627832577978,0.016726095821374676,0.19230769230769232,0.4,0.82,0.0,0.0,0.0,0.8346153846153846,0.6147216398788724,0.0
0.04678752332711277,0.009985034511019203,0.19230769230769232,0.3,0.84,0.0,0.0,0.0,0.6643549173747926,0.3844850216524521,0.0
0.06518261796854172,0.022666432468784487,0.6153846153846154,0.7666666666666667,0.96,0.0,0.0,0.0,0.3333333333333333,0.0,0.0
0.0005331911490269261,0.4731649080024266,0.2692307692307692,0.4,0.5733333333333334,0.0,0.0,0.0,0.40175438596491225,0.16898148148148148,0.0
0.40255931751532925,0.132146596133811,0.5384615384615384,0.7333333333333333,0.92,0.0,0.0,0.0,0.7748574561403508,0.5481353854555762,0.0
0.036790189282857905,0.10792269006433129,0.23076923076923078,0.13333333333333333,0.86,0.0,0.0,1.0,0.4399277326106594,0.32368125701459033,0.0
0.06558251133031191,0.030658460647044774,0.3076923076923077,0.4,0.9666666666666667,0.0,0.0,1.0,0.3333333333333333,0.0,0.0
0.0010663822980538523,0.03921428408919071,0.4230769230769231,0.0,0.76,0.0,0.0,0.0,0.3333333333333333,0.0,0.0
0.014396161023727006,0.1915504206883799,0.3076923076923077,0.43333333333333335,0.9933333333333333,0.0,0.0,0.0,0.5478243997089498,0.34564270152505444,0.0
0.06824846707544655,0.08546213931825308,0.23076923076923078,0.13333333333333333,0.56,0.0,0.0,1.0,0.3530762167125803,0.18008739076154806,0.0
0.022127432684617435,0.03204237264713965,0.34615384615384615,0.43333333333333335,0.24666666666666667,0.0,0.0,0.0,0.3333333333333333,0.0,0.0
0.06584910690482539,0.01284157342905247,0.038461538461538464,0.7,0.7466666666666667,0.0,0.0,0.0,0.5185185185185185,0.3535353535353535,0.0
0.04398826979472141,0.006834560624227276,0.2692307692307692,0.4666666666666667,0.41333333333333333,0.0,0.0,0.0,0.6467836257309941,0.3981481481481481,0.0
0.025726472940549187,0.025467849036832368,0.6923076923076923,0.5666666666666667,0.9,0.0,0.0,0.0,0.4245614035087719,0.22530864197530864,0.0
0.06571580911756865,0.021054701781215372,0.07692307692307693,0.4,0.8133333333333334,0.0,0.0,0.0,0.3333333333333333,0.0,0.0
0.02772593974940016,0.008875207325948636,0.38461538461538464,0.9666666666666667,0.9466666666666667,0.0,0.0,0.0,0.5414012738853503,0.9684829059829059,0.0
0.051319648093841645,0.00871080733476414,0.4230769230769231,0.6333333333333333,0.7,0.0,0.0,1.0,0.6834262647769868,0.39606243014641795,0.0
0.023593708344441484,0.00850065019433046,0.4230769230769231,0.5333333333333333,0.9933333333333333,0.0,0.0,0.0,0.3333333333333333,0.0,0.0
0.027992535323913624,0.0065730984710648125,0.15384615384615385,0.36666666666666664,0.3933333333333333,0.0,0.0,0.0,0.3333333333333333,0.0,0.0
0.08331111703545721,0.007768383112853264,0.34615384615384615,0.8,0.9133333333333333,0.0,1.0,1.0,0.6818181818181818,0.5324328705430017,0.0
0.23873633697680618,0.00786865183812678,0.2692307692307692,0.7,0.82,0.0,0.0,0.0,0.3333333333333333,0.0,0.0
0.015995734470807786,0.03991621606393541,0.19230769230769232,0.9666666666666667,0.6133333333333333,0.0,0.0,1.0,0.3333333333333333,0.0,0.0
0.0473207144761397,0.07091004251343054,0.19230769230769232,0.6,0.82,0.0,0.0,0.0,0.3333333333333333,0.0,0.0
0.11023727006131698,0.00706232841387143,0.19230769230769232,0.3,0.37333333333333335,0.0,0.0,0.0,0.4444444444444444,0.38888888888888884,0.0
0.015995734470807786,0.006892176967886981,0.15384615384615385,0.9333333333333333,0.8133333333333334,0.0,0.0,1.0,0.48727550851065365,0.3057476943346508,0.0
0.13303119168221808,0.2821050406004356,0.23076923076923078,0.8333333333333334,0.9533333333333334,0.0,0.0,1.0,0.3769211388259008,0.18749685913865016,0.0
0.05185283924286857,0.15275263354279997,0.23076923076923078,0.3333333333333333,0.3933333333333333,0.0,0.0,0.0,0.7166248955722639,0.5242193173565721,0.0
0.026792855238603037,0.0073131020227153965,0.38461538461538464,0.43333333333333335,0.88,0.0,0.0,0.0,0.6467836257309941,0.6524691358024691,0.0
0.05678485737136763,0.030810696056838217,0.2692307692307692,0.5666666666666667,0.43333333333333335,0.0,0.0,0.0,0.5714285714285715,0.13725490196078433,0.0
0.24286856838176485,0.045756487577392056,0.34615384615384615,0.4666666666666667,0.46,0.0,0.0,0.0,0.3333333333333333,0.0,0.0
0.06398293788323114,0.016598596757004036,0.23076923076923078,0.4666666666666667,0.78,0.0,0.0,0.0,0.3333333333333333,0.0,0.0
0.04398826979472141,0.01309046381818318,0.19230769230769232,0.3333333333333333,0.4266666666666667,0.0,0.0,0.0,1.0,0.0,0.0
0.14276193015195948,0.11786049138902877,0.19230769230769232,0.5,0.35333333333333333,0.0,0.0,0.0,0.4701754385964912,0.33796296296296297,0.0
0.06624900026659558,0.04259644489854358,0.11538461538461539,0.26666666666666666,0.43333333333333335,0.0,0.0,0.0,0.3333333333333333,0.0,0.0
0.357504665422554,0.009296030585116874,0.15384615384615385,0.3,0.49333333333333335,0.0,0.0,0.0,0.3333333333333333,0.0,0.0
0.07544654758731005,0.030957281807491886,0.15384615384615385,0.4,0.41333333333333333,0.0,0.0,0.0,0.3333333333333333,0.6805555555555555,0.0
0.05291922154092242,0.009135753318169513,0.4230769230769231,0.13333333333333333,0.6733333333333333,0.0,0.0,0.0,0.3333333333333333,0.0,0.0
0.02945881098373767,0.011169732404149334,0.11538461538461539,0.0,0.08,1.0,0.0,0.0,0.3333333333333333,0.0,0.0
0.02439349506798187,0.021207547964969875,0.3076923076923077,0.43333333333333335,0.9933333333333333,0.0,0.0,0.0,0.3333333333333333,0.0,0.0
0.08651026392961877,0.01177903032813373,0.19230769230769232,0.7333333333333333,0.7733333333333333,0.0,0.0,0.0,0.3333333333333333,0.0,0.0
0.027192748600373233,0.7567008393001283,0.2692307692307692,0.4,1.0,0.0,0.0,0.0,0.4485529050142496,0.11443404575398952,0.0
0.1039722740602506,0.04097015743156927,0.34615384615384615,0.4666666666666667,0.5866666666666667,0.0,0.0,0.0,0.3333333333333333,0.0,0.0
0.05985070647827246,0.015135182346311584,0.3076923076923077,0.5333333333333333,0.6133333333333333,0.0,0.0,0.0,0.3333333333333333,0.0,0.0
0.04078912290055985,0.05193517876310435,0.2692307692307692,0.8,0.5066666666666667,0.0,0.0,0.0,0.3333333333333333,0.0,0.0
0.26339642761930154,0.007292030321058932,0.46153846153846156,0.43333333333333335,0.68,0.0,0.0,0.0,0.8194444444444445,0.7203855534984864,0.0
0.037589976006398296,0.07821892001624862,0.4230769230769231,0.5333333333333333,0.8333333333333334,0.0,0.0,0.0,0.3333333333333333,0.0,0.0
0.1209010930418555,0.006463922625525882,0.4230769230769231,0.36666666666666664,0.98,0.0,0.0,0.0,0.3333333333333333,0.0,0.0
0.03705678485737137,0.052013459625779815,0.3076923076923077,0.5333333333333333,0.9533333333333334,0.0,0.0,0.0,0.4564098465473146,0.26486958581283115,0.0
0.11237003465742469,0.016557827595103485,0.15384615384615385,0.5333333333333333,0.7,0.0,0.0,0.0,0.3333333333333333,0.0,0.0
0.012796587576646227,0.3229033669576275,0.19230769230769232,0.3,0.96,0.0,0.0,1.0,0.6309523809523809,0.21937321937321935,0.0
0.09077579312183418,0.01189935279846195,0.2692307692307692,0.9666666666666667,0.9333333333333333,0.0,0.0,0.0,0.3333333333333333,0.0,0.0
0.0,0.027910079617948672,0.4230769230769231,0.5333333333333333,0.8666666666666667,0.0,0.0,0.0,0.7811557708576679,0.6020588477178386,0.0
0.05278592375366569,0.008796519280632464,0.2692307692307692,0.9333333333333333,0.7133333333333334,0.0,0.0,0.0,0.5032204017849952,0.32530517408794557,0.0
0.02879232204745401,0.06304729482359397,0.34615384615384615,0.26666666666666666,0.10666666666666667,0.0,0.0,0.0,0.3333333333333333,0.0,0.0
0.128099173553719,0.16406513436034637,0.2692307692307692,0.4,0.6,0.0,0.0,0.0,0.3333333333333333,0.0,0.0
0.0443881631564916,0.014115597013987182,0.3076923076923077,0.43333333333333335,0.0,0.0,0.0,0.0,0.48148148148148145,0.3261648745519713,0.0
0.00026659557451346307,0.1662617320134576,0.23076923076923078,0.36666666666666664,0.4,0.0,0.0,0.0,0.3333333333333333,0.0,0.0
0.0006664889362836577,0.033049793398073,0.2692307692307692,0.7666666666666667,0.9933333333333333,0.0,0.0,0.0,0.6086021505376343,0.7591893780573026,0.0
0.10863769661423621,0.011059691295498907,0.19230769230769232,0.1,0.9933333333333333,0.0,0.0,0.0,0.6666666666666666,0.5185185185185185,0.0
0.023993601706211676,0.02297528050175895,0.19230769230769232,0.3333333333333333,0.94,0.0,0.0,1.0,0.3333333333333333,0.0,0.0
0.13383097840575847,0.010152386576348807,0.6538461538461539,0.36666666666666664,0.96,0.0,0.0,0.0,0.7707697893972405,0.6710331384015593,0.0
0.013329778725673154,0.010463016033376354,0.34615384615384615,0.23333333333333334,0.18,0.0,0.0,0.0,0.3333333333333333,0.0,0.0
0.12983204478805652,0.006494105038768114,0.2692307692307692,0.7666666666666667,0.88,0.0,0.0,0.0,0.5684210526315789,0.36868118118118115,0.0
0.06651559584110904,0.03791262298251817,0.19230769230769232,0.4,0.6533333333333333,0.0,0.0,0.0,0.5530158730158731,0.34480095068330363,0.0
0.22207411356971474,0.008917045342281035,0.19230769230769232,0.7,0.30666666666666664,0.0,0.0,1.0,0.3333333333333333,0.0,0.0
0.004265529192215409,0.19975474371593757,0.3076923076923077,0.4,0.5333333333333333,0.0,0.0,0.0,0.3333333333333333,0.0,0.0
0.025326579578778992,0.04031729096502948,0.11538461538461539,0.4,0.92,0.0,0.0,1.0,0.40740740740740744,0.13227513227513227,0.0
0.1061050386563583,0.008418908279209004,0.19230769230769232,0.6666666666666666,0.6133333333333333,0.0,0.0,1.0,0.3333333333333333,0.0,0.0
0.03732338043188483,0.02640528527139461,0.38461538461538464,0.5666666666666667,0.56,0.0,0.0,0.0,0.3333333333333333,0.0,0.0
0.001466275659824047,0.04454888566072229,0.23076923076923078,0.5666666666666667,0.5333333333333333,0.0,0.0,0.0,0.7575757575757575,0.4148148148148148,0.0
0.043588376432951215,0.007805436733157386,0.8076923076923077,0.4666666666666667,0.9333333333333333,0.0,0.0,0.0,0.40740740740740744,0.25925925925925924,0.0
0.13369768061850174,0.1625385557425146,0.2692307692307692,0.4,0.4533333333333333,0.0,0.0,0.0,0.3333333333333333,0.0,0.0
0.08011197014129566,0.12492887664468066,0.3076923076923077,0.2,0.7866666666666666,0.0,0.0,0.0,0.4701754385964912,0.33796296296296297,0.0
0.004132231404958678,0.07074523533960533,0.2692307692307692,0.7666666666666667,0.72,0.0,0.0,0.0,0.6872925054743236,0.2880468042397983,0.0
0.5630498533724341,0.021775109668282045,0.46153846153846156,0.5333333333333333,0.21333333333333335,0.0,0.0,0.0,0.65,0.7346304754124738,0.0
0.7709944014929352,0.019675930461959396,0.3076923076923077,0.8333333333333334,0.9733333333333334,0.0,0.0,1.0,0.8021561771561773,0.5636699291665298,0.0
0.08051186350306586,0.012861576276277086,0.34615384615384615,0.36666666666666664,0.8733333333333333,0.0,0.0,0.0,0.3333333333333333,0.0,0.0
0.06984804052252733,0.12034705398015177,0.2692307692307692,0.4666666666666667,0.88,0.0,0.0,0.0,0.5611111111111111,0.3413071895424836,0.0
0.015862436683551053,0.08236353032032091,0.2692307692307692,0.43333333333333335,0.6733333333333333,0.0,0.0,0.0,0.3333333333333333,0.0,0.0
0.04598773660357238,0.020250719657144072,0.3076923076923077,0.6,0.32,0.0,0.0,0.0,0.5945945945945946,0.19444444444444442,0.0
0.006798187150093308,0.4595229661952391,0.46153846153846156,0.5333333333333333,0.94,0.0,0.0,1.0,0.643982683982684,0.5095911949685534,0.0
0.14156225006664888,0.04559641390176505,0.3076923076923077,0.43333333333333335,0.38666666666666666,0.0,0.0,0.0,0.3333333333333333,0.0,0.0
0.05291922154092242,0.022312641651842248,0.2692307692307692,0.36666666666666664,0.86,0.0,0.0,1.0,0.8252324080846805,0.5916713379302613,0.0
0.037723273793655025,1.0,0.23076923076923078,0.36666666666666664,0.9666666666666667,0.0,0.0,0.0,0.8402625421739874,0.4354404407188985,0.0
0.020261263663023193,0.01626221299795192,0.46153846153846156,0.6,0.3333333333333333,0.0,0.0,0.0,0.3333333333333333,0.0,0.0
0.022927219408157826,0.03319785518579922,0.5769230769230769,0.4,0.8866666666666667,0.0,0.0,0.0,0.3333333333333333,0.0,0.0
0.06598240469208211,0.02972815010869486,0.0,0.36666666666666664,0.5533333333333333,0.0,0.0,0.0,0.3333333333333333,0.0,0.0
0.11063716342308717,0.09566903747062623,0.2692307692307692,0.13333333333333333,0.9866666666666667,0.0,0.0,0.0,0.3333333333333333,0.0,0.0
0.05411890162623301,0.006881233934418044,0.15384615384615385,0.3333333333333333,0.96,0.0,0.0,0.0,0.6502906271369643,0.30806558880862284,0.0
0.018661690215942415,0.007773981874162953,0.11538461538461539,1.0,0.9533333333333334,0.0,0.0,1.0,0.6777207977207977,0.7108644259430568,0.0
0.677286057051453,0.054484396583065794,0.34615384615384615,0.3333333333333333,0.9866666666666667,1.0,0.0,1.0,0.4245614035087719,0.22530864197530864,0.0
0.05091975473207145,0.09026211008253948,0.3076923076923077,0.43333333333333335,0.42,0.0,0.0,0.0,0.53206273575541,0.0859259259259259,0.0
0.008264462809917356,0.029235459113442254,0.2692307692307692,0.6,0.7866666666666666,0.0,0.0,0.0,0.3333333333333333,0.0,0.0
0.04705411890162623,0.13168927913046963,0.5,0.6333333333333333,0.37333333333333335,0.0,0.0,0.0,0.5675675675675675,0.38095238095238093,0.0
0.011596907491335644,0.18955176469648122,0.34615384615384615,0.4666666666666667,0.5,0.0,0.0,0.0,0.3333333333333333,0.0,0.0
0.13716342308717674,0.03206227369870408,0.2692307692307692,0.4,0.9533333333333334,0.0,0.0,0.0,0.5768989328311362,0.3804713804713804,0.0
0.05011996800853106,0.0283949832451978,0.23076923076923078,0.5,0.30666666666666664,0.0,0.0,0.0,0.3333333333333333,0.0,0.0
0.017462010130631832,0.02084479912993213,0.34615384615384615,0.3333333333333333,0.8533333333333334,0.0,0.0,0.0,0.3333333333333333,0.0,0.0
0.030658491069048253,0.009952867082403536,0.3076923076923077,0.5333333333333333,0.8,0.0,0.0,1.0,0.45730994152046783,0.36342592592592593,0.0
0.03732338043188483,0.06702419677752604,0.15384615384615385,0.43333333333333335,0.31333333333333335,0.0,0.0,0.0,0.3333333333333333,0.0,0.0
0.054252199413489736,0.022226166238522603,0.23076923076923078,0.36666666666666664,0.16666666666666666,0.0,0.0,0.0,0.3333333333333333,0.0,0.0
0.011730205278592375,0.009714410748440885,0.34615384615384615,0.6666666666666666,0.7733333333333333,0.0,0.0,1.0,0.3333333333333333,0.0,0.0
0.025326579578778992,0.008458099608376827,0.3076923076923077,0.4666666666666667,0.9933333333333333,0.0,0.0,0.0,0.448421052631579,0.2703703703703703,0.0
0.009197547320714476,0.007368733351001667,1.0,0.7,0.9733333333333334,0.0,0.0,1.0,0.3333333333333333,0.0,0.0
0.16249000266595576,0.03253328221833917,0.19230769230769232,0.3333333333333333,0.4066666666666667,0.0,0.0,0.0,0.3333333333333333,0.0,0.0
0.03265795787789923,0.030662227086471292,0.15384615384615385,0.0,0.3933333333333333,0.0,0.0,0.0,0.3333333333333333,0.0,0.0
0.0005331911490269261,0.020318820953801924,0.34615384615384615,0.4666666666666667,0.8933333333333333,0.0,0.0,0.0,0.3333333333333333,0.0,0.0
0.23687016795521193,0.008597101582347371,0.2692307692307692,0.43333333333333335,0.6733333333333333,0.0,0.0,0.0,0.3333333333333333,0.0,0.0
0.0663822980538523,0.010024378533677287,0.11538461538461539,0.43333333333333335,0.8266666666666667,0.0,0.0,1.0,0.644414261460102,0.33106147384497897,0.0
0.30951746201013064,0.02012260981881238,0.23076923076923078,0.3333333333333333,0.0,0.0,0.0,0.0,0.6070175438596491,0.6759259259259259,0.0
0.07851239669421488,0.1313691317792156,0.3076923076923077,0.4,0.4,0.0,0.0,0.0,0.3333333333333333,0.0,0.0
0.08744334844041589,0.02601922523017653,0.19230769230769232,0.43333333333333335,0.41333333333333333,0.0,0.0,1.0,0.3333333333333333,0.0,0.0
0.05585177286057051,0.008337878933708782,0.3076923076923077,0.43333333333333335,0.5066666666666667,0.0,0.0,0.0,0.3333333333333333,0.0,0.0
0.14942681951479606,0.014582788196365661,0.38461538461538464,0.2,0.1,0.0,0.0,0.0,0.5333333333333333,0.33585858585858586,0.0
0.04852039456145028,0.013491386025786978,0.34615384615384615,0.4666666666666667,0.0,0.0,0.0,0.0,0.3333333333333333,0.0,0.0
0.059584110903759,0.01657467477686264,0.2692307692307692,0.36666666666666664,0.4266666666666667,0.0,0.0,0.0,0.3333333333333333,0.0,0.0
0.010530525193281792,0.1388832802307789,0.038461538461538464,0.6333333333333333,0.64,0.0,0.0,0.0,0.5714285714285715,0.13725490196078433,0.0
0.07144761396960811,0.03392136784050127,0.23076923076923078,0.5,0.0,0.0,0.0,0.0,0.3333333333333333,0.0,0.0
0.05385230605171954,0.013465733519422587,0.07692307692307693,0.36666666666666664,0.49333333333333335,0.0,0.0,0.0,0.3333333333333333,0.0,0.0
0.028125833111170354,0.05102599082424099,0.11538461538461539,0.9,0.8,0.0,0.0,0.0,0.6070175438596491,0.6759259259259259,0.0
0.051319648093841645,0.23721178022133735,0.3076923076923077,0.7,0.9866666666666667,0.0,0.0,1.0,0.3333333333333333,0.0,0.0
0.007464676086376966,0.054078689979433714,0.34615384615384615,0.7333333333333333,0.96,0.0,0.0,0.0,0.7662653099361959,0.47001109550805287,0.0
0.9993335110637164,0.02836490262761575,0.4230769230769231,0.8,0.7333333333333333,0.0,0.0,1.0,0.6282051282051282,0.4072822822822823,0.0
0.01999466808850973,0.00730134462396505,0.2692307692307692,0.36666666666666664,0.9933333333333333,0.0,0.0,1.0,0.3333333333333333,0.0,0.0
0.0015995734470807784,0.06382928908506723,0.4230769230769231,0.9333333333333333,0.5533333333333333,0.0,0.0,0.0,0.7575757575757575,0.4148148148148148,0.0
0.05478539056251666,0.011067275072182031,0.4230769230769231,0.3333333333333333,0.74,0.0,0.0,0.0,0.4943469785575048,0.34574915824915825,0.0
0.036790189282857905,0.017481572313372037,0.3076923076923077,0.9333333333333333,0.96,0.0,0.0,1.0,0.32063492063492066,0.14814814814814814,0.0
0.08037856571580912,0.007896696542505313,0.4230769230769231,0.5666666666666667,0.8,0.0,0.0,0.0,0.8187403993855606,0.5021711881099472,0.0
0.1213009864036257,0.05890115758461904,0.4230769230769231,0.8666666666666667,0.5866666666666667,1.0,1.0,1.0,0.3333333333333333,0.0,0.0
0.08890962410023993,0.23642561233779688,0.2692307692307692,0.4,0.9466666666666667,0.0,0.0,0.0,0.4597073170731707,0.7891205196169735,0.0
0.01213009864036257,0.03225802675322284,0.4230769230769231,0.43333333333333335,0.7133333333333334,0.0,0.0,0.0,0.5922077922077923,0.42465932914046123,0.0
0.20567848573713676,0.025486528540474694,0.2692307692307692,0.4,0.98,0.0,0.0,1.0,0.4041771094402673,0.20767195767195767,0.0
0.31884830711810186,0.007752197602885255,0.38461538461538464,0.4666666666666667,0.34,0.0,0.0,0.0,0.3333333333333333,0.0,0.0
0.0,0.012372753516111173,0.38461538461538464,0.2,0.9733333333333334,1.0,1.0,0.0,0.3333333333333333,0.0,0.0
0.059584110903759,0.04828320855645458,0.4230769230769231,1.0,0.82,0.0,0.0,0.0,0.6533333333333333,0.7281323877068557,0.0
0.0667821914156225,0.05593895477132292,0.23076923076923078,0.4,0.7,0.0,0.0,0.0,0.6927010848338475,0.5014898864673701,0.0
0.213009864036257,0.006443105413019858,0.2692307692307692,0.9333333333333333,0.8133333333333334,0.0,0.0,0.0,0.5881481481481482,0.4155503020751247,0.0
0.05558517728605705,0.0066862952451807005,0.5384615384615384,0.6666666666666666,0.6466666666666666,0.0,0.0,0.0,0.3333333333333333,0.0,0.0
0.028259130898427087,0.018073412281636222,0.11538461538461539,0.3333333333333333,0.8,0.0,0.0,0.0,0.5337962962962963,0.29016056200635637,0.0
0.004132231404958678,0.022755809058419157,0.3076923076923077,0.6333333333333333,0.6333333333333333,0.0,0.0,1.0,0.649122807017544,0.7233863457267712,0.0
0.06984804052252733,0.008581934028981122,0.15384615384615385,0.4666666666666667,0.9933333333333333,0.0,0.0,0.0,0.3333333333333333,0.0,0.0
0.03145827779258864,0.05558475677173998,0.23076923076923078,0.36666666666666664,0.9333333333333333,0.0,0.0,0.0,0.3333333333333333,0.0,0.0
0.039722740602505996,0.04626154674535607,0.3076923076923077,0.43333333333333335,0.42,0.0,0.0,0.0,0.6070175438596491,0.6759259259259259,0.0
0.035990402559317514,0.012829765132472037,0.5769230769230769,0.7333333333333333,0.7266666666666667,0.0,0.0,0.0,0.3333333333333333,0.0,0.0
0.14889362836576914,0.015278816022820144,0.6923076923076923,0.7666666666666667,0.9466666666666667,0.0,0.0,0.0,0.3333333333333333,0.0,0.0
0.0473207144761397,0.0851862730791757,0.38461538461538464,0.6,0.62,0.0,0.0,1.0,0.5185185185185185,0.3535353535353535,0.0
0.015329245534524126,0.11033825018248145,0.34615384615384615,0.9,0.62,0.0,0.0,0.0,0.5486544342507645,0.25517607230432615,0.0
0.0015995734470807784,0.035505969984633436,0.5384615384615384,0.6666666666666666,0.8733333333333333,0.0,0.0,0.0,0.7575757575757575,0.4148148148148148,0.0
0.03532391362303386,0.06655318825789096,0.4230769230769231,0.8666666666666667,0.94,0.0,0.0,0.0,0.3333333333333333,0.0,0.0
0.0021327645961077045,0.055780000847957846,0.11538461538461539,0.5333333333333333,0.3466666666666667,0.0,0.0,0.0,0.7314285714285714,0.5013210958142122,0.0
0.03945614502799254,0.020271333278329744,0.3076923076923077,0.43333333333333335,0.22,0.0,0.0,0.0,0.3333333333333333,0.0,0.0
0.07677952545987736,0.008321082649779717,0.15384615384615385,0.43333333333333335,0.92,0.0,0.0,1.0,0.6009574764334004,0.4365395812764233,0.0
0.025593175153292454,0.007016316775471806,0.23076923076923078,0.36666666666666664,0.4,0.0,0.0,0.0,0.6266666666666666,0.5045045045045045,0.0
0.07104772060783791,0.015533712355901244,0.19230769230769232,0.3333333333333333,0.6533333333333333,0.0,0.0,0.0,0.3333333333333333,0.0,0.0
0.07051452945881098,0.013579897352310149,0.38461538461538464,0.5333333333333333,1.0,0.0,0.0,0.0,0.6533333333333333,0.7281323877068557,0.0
0.024926686217008796,0.0543050326298354,0.2692307692307692,0.4,0.5733333333333334,0.0,0.0,0.0,0.6491228070175438,0.5703703703703703,0.0
0.009864036256998134,0.35306491208952234,0.23076923076923078,0.6,0.23333333333333334,0.0,0.0,0.0,0.3333333333333333,0.0,0.0
0.006798187150093308,0.045801124974379305,0.6153846153846154,0.6666666666666666,0.9866666666666667,0.0,0.0,0.0,0.9047064189327486,0.3422214419608902,0.0
0.11516928818981605,0.028509706954216334,0.46153846153846156,0.4,0.2733333333333333,0.0,0.0,0.0,0.3333333333333333,0.0,0.0
0.017861903492402027,0.08688341032563261,0.07692307692307693,0.43333333333333335,0.9466666666666667,0.0,0.0,0.0,0.48148148148148145,0.3261648745519713,0.0
0.3812316715542522,0.01129835122078191,0.38461538461538464,0.4,0.9066666666666666,0.0,0.0,1.0,0.5196575732396416,0.28593806148990314,0.0
0.052652625966408954,0.07017222756847374,0.2692307692307692,0.2,0.14666666666666667,0.0,0.0,0.0,0.3333333333333333,0.0,0.0
0.04318848307118102,0.011061727208702429,0.23076923076923078,0.3333333333333333,0.62,0.0,0.0,0.0,0.6790123456790124,0.3653198653198653,0.0
0.03532391362303386,0.020891065257482196,0.2692307692307692,0.3333333333333333,0.25333333333333335,0.0,0.0,0.0,0.3333333333333333,0.0,0.0
0.0,0.025182668494848858,0.34615384615384615,0.26666666666666666,0.22,0.0,0.0,0.0,0.3333333333333333,0.0,0.0
0.08464409490802453,0.05370275860640316,0.34615384615384615,0.36666666666666664,0.66,0.0,0.0,0.0,0.6346153846153846,0.2690426275331935,0.0
0.061316982138096505,0.03621283904889668,0.19230769230769232,0.3333333333333333,0.5266666666666666,0.0,0.0,0.0,0.3333333333333333,0.0,0.0
0.0006664889362836577,0.018420382789346657,0.3076923076923077,0.43333333333333335,0.2,0.0,0.0,0.0,0.8095238095238096,0.27450980392156865,0.0
0.14222873900293256,0.009269461917810896,0.0,0.13333333333333333,0.42,0.0,0.0,0.0,0.3333333333333333,0.0,0.0
0.11743535057318048,0.0237449065905208,0.7307692307692307,0.0,0.19333333333333333,0.0,0.0,0.0,0.3333333333333333,0.0,0.0
0.06185017328712343,0.014054061537410694,0.23076923076923078,0.8,0.8733333333333333,0.0,0.0,1.0,0.7367995770690827,0.29105263157894734,0.0
0.07238069848040522,0.036004616026006346,0.4230769230769231,0.5,0.24,1.0,0.0,1.0,0.4920634920634921,0.2242242242242242,0.0
0.0013329778725673154,0.0063602437456364656,0.19230769230769232,0.9666666666666667,0.5466666666666666,0.0,0.0,0.0,0.7575757575757575,0.4148148148148148,0.0
0.05518528392428686,0.06126739770541385,0.19230769230769232,0.3333333333333333,0.7933333333333333,0.0,0.0,1.0,0.7575757575757575,0.4148148148148148,0.0
0.023327112769928018,0.019839159803051863,0.2692307692307692,0.6,0.6466666666666666,0.0,0.0,0.0,0.6532442216652744,0.5732207697893973,0.0
0.14076246334310852,0.03324178001316523,0.46153846153846156,0.5666666666666667,0.7266666666666667,0.0,0.0,0.0,0.3333333333333333,0.0,0.0
0.047587310050653156,0.011075673214146563,0.19230769230769232,0.26666666666666666,0.46,1.0,0.0,0.0,0.569706498951782,0.2642196520145438,0.0
0.06185017328712343,0.01472143388552559,0.23076923076923078,0.36666666666666664,0.1,0.0,0.0,0.0,0.7819785759294265,0.48268868607851656,0.0
0.04985337243401759,0.04955132799309907,0.5,0.4,0.6866666666666666,0.0,0.0,0.0,0.9467401285583104,0.31725146198830406,0.0
0.025593175153292454,0.01850589114389463,0.2692307692307692,0.36666666666666664,0.9733333333333334,0.0,0.0,0.0,0.3333333333333333,0.0,0.0
0.00013329778725673153,0.007577821637003496,0.3076923076923077,0.8333333333333334,0.9266666666666666,0.0,0.0,1.0,0.3333333333333333,0.0,0.0
0.027326046387629966,0.04227125866211084,0.2692307692307692,0.36666666666666664,0.6333333333333333,0.0,0.0,0.0,0.3333333333333333,0.0,0.0
0.036923487070114634,0.01904729136254153,0.2692307692307692,0.16666666666666666,0.48,0.0,0.0,0.0,0.5911377826271443,0.33857561859610247,0.0
0.003199146894161557,0.07231421184990047,0.11538461538461539,0.5,0.18666666666666668,0.0,0.0,0.0,0.3333333333333333,0.0,0.0
0.09864036256998134,0.009506951193001874,0.3076923076923077,0.4,1.0,0.0,0.0,0.0,0.609852242687814,0.29621765109633225,0.0
0.005598507064782724,0.14034929043080585,0.5384615384615384,0.0,0.58,0.0,0.0,0.0,0.3333333333333333,0.0,0.0
0.05478539056251666,0.04986719992662569,0.3076923076923077,0.36666666666666664,0.36666666666666664,0.0,0.0,0.0,0.3333333333333333,0.0,0.0
0.00013329778725673153,0.054035528619519026,0.34615384615384615,0.4666666666666667,0.64,0.0,0.0,0.0,0.5505639097744361,0.27866809116809116,0.0
0.03985603838976273,0.20648262248830024,0.3076923076923077,0.43333333333333335,0.15333333333333332,0.0,0.0,1.0,0.3333333333333333,0.0,0.0
0.06478272460677152,0.006944296345897175,0.19230769230769232,0.5,0.16,0.0,0.0,0.0,0.3333333333333333,0.0,0.0
0.06158357771260997,0.0069290269968707505,0.2692307692307692,0.16666666666666666,0.5466666666666666,0.0,0.0,0.0,0.0,0.0,0.0
0.0422553985603839,0.028003629829650562,0.38461538461538464,0.8,0.9466666666666667,0.0,0.0,0.0,0.8542865446091253,0.5876096582260965,0.0
0.06291655558517728,0.027532621310015475,0.38461538461538464,0.43333333333333335,0.6866666666666666,0.0,0.0,0.0,0.3333333333333333,0.0,0.0
0.09224206878165822,0.10497366978902799,0.34615384615384615,0.4666666666666667,0.98,0.0,0.0,0.0,0.6563970080265287,0.45498776328557117,0.0
0.1356971474273527,0.05586372777845274,0.3076923076923077,0.43333333333333335,0.5,0.0,0.0,0.0,0.8095238095238096,0.27450980392156865,0.0
0.34217541988802985,5.853250460129109e-06,0.34615384615384615,0.3333333333333333,0.42,1.0,0.0,0.0,0.3333333333333333,0.0,1.0
0.4969341508930952,4.733498198191366e-06,0.19230769230769232,0.26666666666666666,0.12,1.0,1.0,1.0,0.3333333333333333,0.0,1.0
0.24446814182884563,7.721200824361615e-05,0.6923076923076923,0.5666666666666667,0.25333333333333335,0.0,0.0,0.0,0.6586345381526105,0.46741452991452986,1.0
0.3697680618501733,0.0005975405252340499,0.11538461538461539,0.4666666666666667,0.09333333333333334,1.0,0.0,0.0,0.9313304721030043,0.3392990305741983,1.0
0.8229805385230605,5.038885178719841e-06,0.15384615384615385,0.2,0.6133333333333333,1.0,0.0,0.0,0.3333333333333333,0.0,1.0
0.557584644094908,5.191578668984079e-06,0.46153846153846156,0.0,0.24,0.0,0.0,0.0,0.9295215405995633,0.2577777777777777,1.0
0.6794188216475606,5.242476499072158e-06,0.23076923076923078,0.26666666666666666,0.12,1.0,1.0,0.0,0.3333333333333333,0.0,1.0
0.09797387363369768,2.3413001840516433e-06,0.34615384615384615,0.2,0.06666666666666667,0.0,0.0,0.0,0.522633744855967,0.14014014014014015,1.0
0.5229272194081578,4.886191688455603e-06,0.038461538461538464,0.0,0.36666666666666664,1.0,0.0,0.0,0.3333333333333333,0.0,1.0
0.6670221274326846,0.00029520741451085936,0.4230769230769231,0.4666666666666667,0.41333333333333333,1.0,0.0,1.0,0.9182630906768837,0.5806194125159642,1.0
0.3305785123966942,4.071826407046336e-06,0.5384615384615384,0.16666666666666666,0.9933333333333333,1.0,0.0,1.0,0.3333333333333333,0.0,1.0
0.2011463609704079,6.871207061890693e-06,0.23076923076923078,0.06666666666666667,0.5333333333333333,1.0,0.0,0.0,0.3333333333333333,0.0,1.0
0.9305518528392429,5.242476499072158e-06,0.4230769230769231,0.7333333333333333,0.3,0.0,0.0,0.0,0.3333333333333333,0.0,1.0
0.46467608637696617,4.122724237134416e-06,0.23076923076923078,0.16666666666666666,0.07333333333333333,1.0,0.0,0.0,0.3333333333333333,0.0,1.0
0.13636363636363635,8.143652814092673e-06,0.23076923076923078,0.3333333333333333,0.64,1.0,1.0,1.0,0.3333333333333333,0.0,1.0
0.06304985337243402,4.580804707927128e-07,0.46153846153846156,0.13333333333333333,0.26666666666666666,0.0,0.0,0.0,0.48897707231040566,0.17488494411571334,1.0
0.639029592108771,4.580804707927128e-06,0.15384615384615385,0.3,0.6466666666666666,1.0,0.0,1.0,0.6626506024096386,0.45592948717948717,1.0
0.2556651559584111,3.817337256605941e-06,0.23076923076923078,0.0,0.14,0.0,0.0,1.0,0.3333333333333333,0.0,1.0
0.4802719274860037,7.278389702595326e-06,0.6153846153846154,0.5,0.44666666666666666,1.0,0.0,1.0,0.3333333333333333,0.0,1.0
0.10877099440149293,3.0538698052847523e-06,0.4230769230769231,0.16666666666666666,0.5866666666666667,1.0,0.0,0.0,0.7712031558185405,0.6521573119511264,1.0
0.11050386563583045,8.61700263391181e-05,0.5384615384615384,0.5333333333333333,0.9866666666666667,0.0,0.0,1.0,0.7996689680191365,0.2507309941520468,1.0
0.41069048253798984,2.1326190806905187e-05,0.5384615384615384,0.26666666666666666,0.76,0.0,0.0,0.0,0.3333333333333333,0.0,1.0
0.9941348973607038,8.29634630435691e-06,0.19230769230769232,0.2,0.14666666666666667,1.0,0.0,0.0,0.3333333333333333,0.0,1.0
0.9741402292721941,5.6496591397767915e-06,0.15384615384615385,0.23333333333333334,0.02666666666666667,1.0,0.0,0.0,0.3333333333333333,0.0,1.0
0.3786990135963743,8.041857153916514e-06,0.19230769230769232,0.16666666666666666,0.04666666666666667,0.0,0.0,0.0,0.3333333333333333,0.0,1.0
0.3423087176752866,5.700556969864871e-06,0.38461538461538464,0.0,0.17333333333333334,1.0,0.0,1.0,0.6100864697355926,0.6585748792270532,1.0
0.5113303119168222,3.715541596429782e-06,0.15384615384615385,0.26666666666666666,0.6466666666666666,1.0,0.0,1.0,0.6626506024096386,0.45592948717948717,1.0
0.38016528925619836,6.3622287610099e-06,0.19230769230769232,0.16666666666666666,0.10666666666666667,1.0,0.0,0.0,0.3333333333333333,0.0,1.0
0.6879498800319914,8.34724413444499e-06,0.15384615384615385,0.13333333333333333,0.25333333333333335,0.0,0.0,0.0,0.39375830013280216,0.23894862604540024,1.0
0.6251666222340709,0.00014719652461472505,0.5,0.5666666666666667,0.26666666666666666,1.0,1.0,0.0,0.5938365462937822,0.3008227331077138,1.0
0.3802985870434551,2.7230339097122376e-05,0.5769230769230769,0.6333333333333333,0.8133333333333334,0.0,0.0,1.0,0.6266666666666666,0.6511627906976744,1.0
0.19221540922420688,3.1556654654609105e-06,0.19230769230769232,0.2,0.3466666666666667,1.0,0.0,1.0,0.3333333333333333,0.0,1.0
0.16022394028259132,3.7359007284650137e-05,0.3076923076923077,0.9,1.0,1.0,0.0,1.0,0.5555555555555555,0.23243933588761176,1.0
0.26006398293788324,2.6466871645801185e-06,0.34615384615384615,0.3333333333333333,0.02,1.0,0.0,0.0,0.3333333333333333,0.0,1.0
0.7119434817382031,5.75145479995295e-06,0.3076923076923077,0.0,0.2866666666666667,0.0,0.0,0.0,0.6963627373723327,0.34274465853413216,1.0
0.13316448946947482,5.211937801019311e-05,0.23076923076923078,0.0,0.3933333333333333,1.0,0.0,0.0,0.3333333333333333,0.0,1.0
0.6616902159424154,5.4664269514597065e-05,0.4230769230769231,0.26666666666666666,0.3333333333333333,1.0,0.0,0.0,0.3333333333333333,0.0,1.0
0.3565715809117569,7.700841692326384e-05,0.11538461538461539,0.5,0.20666666666666667,0.0,0.0,0.0,0.8024691358024691,0.3555555555555555,1.0
0.8236470274593441,7.125696212331089e-06,0.2692307692307692,0.0,0.04666666666666667,1.0,0.0,0.0,0.3333333333333333,0.0,1.0
0.22500666488936283,2.0664519015760156e-05,0.23076923076923078,0.5666666666666667,0.4,1.0,0.0,0.0,0.3333333333333333,0.0,1.0
0.09704078912290055,6.245163751807318e-05,0.4230769230769231,0.23333333333333334,0.9733333333333334,1.0,0.0,1.0,0.6649263159513608,0.4869080331251022,1.0
0.06491602239402826,7.716111041352807e-05,0.5,0.7,0.82,0.0,0.0,1.0,0.5366666666666666,0.0813953488372093,1.0
0.32138096507597974,2.8859069659940908e-05,0.34615384615384615,0.2,0.9266666666666666,0.0,0.0,1.0,0.3333333333333333,0.0,1.0
0.46880831778192483,4.071826407046336e-06,0.11538461538461539,0.26666666666666666,0.6466666666666666,0.0,0.0,0.0,0.8501960729260256,0.5123920497479988,1.0
0.12036790189282857,4.784396028279445e-06,0.34615384615384615,0.0,0.12666666666666668,1.0,0.0,0.0,0.3333333333333333,0.0,1.0
0.22553985603838977,2.1886066937874058e-06,0.2692307692307692,0.0,0.08,1.0,0.0,0.0,0.3333333333333333,0.0,1.0
0.12956544921354304,3.45087287997177e-05,0.2692307692307692,0.3333333333333333,0.08,0.0,0.0,0.0,0.3333333333333333,0.0,1.0
0.4142895227939216,3.1556654654609105e-06,0.3076923076923077,0.23333333333333334,0.4866666666666667,0.0,0.0,0.0,0.8783235698966037,0.3925568225874959,1.0
0.8076512929885364,0.00011401113939729742,0.15384615384615385,0.7,0.34,0.0,0.0,0.0,0.8297872340425533,0.6851851851851851,1.0
0.2872567315382565,6.005943950393346e-06,0.34615384615384615,0.0,0.4066666666666667,1.0,0.0,1.0,0.3333333333333333,0.0,1.0
0.02426019728072514,0.0,0.19230769230769232,0.16666666666666666,0.03333333333333333,1.0,0.0,0.0,0.3333333333333333,0.0,1.0
0.30885097307384696,7.288569268612942e-05,0.34615384615384615,0.3,0.88,1.0,0.0,0.0,0.3333333333333333,0.0,1.0
0.12543321780858438,4.7538573302265976e-05,0.3076923076923077,0.2,0.98,0.0,0.0,1.0,0.4459661679834495,0.4968998628257887,1.0
0.06798187150093309,1.1197522619377426e-06,0.23076923076923078,0.3,0.20666666666666667,1.0,0.0,1.0,0.3333333333333333,0.0,1.0
0.4554785390562517,1.3538822803429068e-05,0.15384615384615385,0.8333333333333334,0.8133333333333334,1.0,0.0,0.0,0.3333333333333333,0.0,1.0
0.34350839776059716,0.00010495132564161932,0.4230769230769231,0.5333333333333333,0.74,0.0,0.0,0.0,0.5172464865774636,0.1567486950037285,1.0
0.891229005598507,5.446067819424475e-06,0.4230769230769231,0.4666666666666667,0.02666666666666667,1.0,1.0,0.0,0.963963963963964,0.5516795865633075,1.0
0.22620634497467343,4.77421646226183e-05,0.3076923076923077,0.0,0.9266666666666666,0.0,0.0,1.0,0.6734987414599066,0.34653043848446147,1.0
0.6083711010397227,0.00012205299655121394,0.8461538461538461,0.0,0.32666666666666666,0.0,0.0,1.0,0.8374588048441532,0.41456264775413704,1.0
0.06544921354305519,1.2215479221139008e-06,0.5384615384615384,0.4,0.41333333333333333,0.0,0.0,0.0,1.0,0.6973180076628352,1.0
0.3452412689949347,7.940061493740355e-06,0.23076923076923078,0.2,0.16666666666666666,1.0,0.0,0.0,0.3333333333333333,0.0,1.0
0.05545187949880032,1.0281361677792e-05,0.23076923076923078,0.0,0.29333333333333333,0.0,0.0,0.0,0.8791395276461937,0.4159925097693978,1.0
0.32737936550253266,2.443095844227802e-05,0.34615384615384615,0.43333333333333335,0.96,0.0,0.0,1.0,0.6533333333333333,0.7281323877068557,1.0
0.11343641695547854,2.2140556088314453e-05,0.38461538461538464,0.06666666666666667,0.24,0.0,0.0,0.0,0.791577374556098,0.7701112199274374,1.0
0.3237803252466009,6.377498110036324e-05,0.34615384615384615,0.4666666666666667,0.7733333333333333,0.0,0.0,1.0,0.3333333333333333,0.0,1.0
0.8032524660090643,4.5299068778390495e-06,0.2692307692307692,0.16666666666666666,0.12,1.0,0.0,0.0,0.9216809933142311,0.39924269317240557,1.0
0.31764862703279123,1.985015373435089e-06,0.23076923076923078,0.3333333333333333,0.4266666666666667,0.0,0.0,0.0,0.7502242039170999,0.40461573571927634,1.0
0.1267661956811517,0.0001818070490746189,0.38461538461538464,0.43333333333333335,0.5866666666666667,1.0,0.0,0.0,0.7197438444270624,0.4298710869669191,1.0
0.5611836843508398,7.329287532683405e-06,0.4230769230769231,0.0,0.37333333333333335,0.0,0.0,0.0,0.5211797027296837,0.2693166425320141,1.0
0.11263663023193815,6.464024421186059e-06,0.23076923076923078,0.23333333333333334,0.36666666666666664,1.0,0.0,0.0,0.3333333333333333,0.0,1.0
0.33631031724873367,0.00017885497492951032,0.07692307692307693,0.13333333333333333,0.26666666666666666,1.0,0.0,0.0,0.8907464143372286,0.5835740578226318,1.0
0.9826712876566249,1.0688544318496633e-05,0.4230769230769231,0.2,0.5,0.0,0.0,0.0,0.7973003389232751,0.620008355908053,1.0
0.5515862436683551,0.00012785534918125497,0.2692307692307692,0.36666666666666664,0.58,1.0,1.0,0.0,0.8856015779092702,0.6060786559755631,1.0
0.2797920554518795,8.56610480382373e-05,0.2692307692307692,1.0,0.9066666666666666,0.0,0.0,1.0,0.5391561113783335,0.2738295605597936,1.0
0.8802985870434551,4.275417727398653e-06,0.23076923076923078,0.16666666666666666,0.44666666666666666,1.0,0.0,1.0,0.7240237376145817,0.2570362555772535,1.0
0.9946680885097308,0.0005252656065089774,0.4230769230769231,0.9666666666666667,1.0,0.0,0.0,0.0,0.3333333333333333,0.0,1.0
0.144494801386297,2.748482824756277e-06,0.2692307692307692,0.0,0.5066666666666667,0.0,0.0,0.0,0.3333333333333333,0.0,1.0
0.8844308184484138,4.071826407046336e-06,0.34615384615384615,0.43333333333333335,0.08,1.0,1.0,0.0,0.3333333333333333,0.0,1.0
0.3067182084777393,3.7664394265178613e-06,0.2692307692307692,0.3,0.5133333333333333,0.0,0.0,0.0,0.3875338753387534,0.3037785260007482,1.0
0.22900559850706478,2.9826128431614412e-05,0.2692307692307692,0.3,0.11333333333333333,0.0,0.0,0.0,0.5362318840579711,0.38888888888888884,1.0
0.15235937083444415,1.1248420449465504e-05,0.23076923076923078,0.0,0.9,0.0,0.0,0.0,0.3333333333333333,0.0,1.0
0.22140762463343108,4.3772133875748115e-06,0.19230769230769232,0.0,0.12,0.0,0.0,0.0,0.3333333333333333,0.0,1.0
0.9258864302852573,6.3622287610099e-06,0.15384615384615385,0.3,0.64,1.0,0.0,1.0,0.3333333333333333,0.0,1.0
0.5063982937883231,5.8023526300410295e-06,0.2692307692307692,0.5333333333333333,0.5333333333333333,0.0,0.0,1.0,0.3333333333333333,0.0,1.0
0.37256731538256466,8.601733284885386e-06,0.23076923076923078,0.43333333333333335,0.54,1.0,0.0,0.0,0.3195607165361419,0.5241726258675411,1.0
0.10557184750733138,3.4610524459893857e-06,0.34615384615384615,0.3,0.8,0.0,0.0,0.0,0.6384363522478148,0.355877114715093,1.0
0.9973340442548654,0.0010453396343489707,0.15384615384615385,0.4,0.9333333333333333,0.0,0.0,1.0,0.4333869009038918,0.5259518385788782,1.0
0.35470541189016264,7.680482560291152e-05,0.5,0.13333333333333333,0.43333333333333335,0.0,0.0,0.0,0.3333333333333333,0.0,1.0
0.445881098373767,3.4610524459893857e-06,0.23076923076923078,0.0,0.12666666666666668,1.0,0.0,0.0,0.7195206519416056,0.4119265349295306,1.0
0.5033324446814182,8.499937624709227e-06,0.2692307692307692,0.0,0.12666666666666668,1.0,0.0,0.0,1.0,1.0,1.0
0.20594508131165024,3.20656329554899e-06,0.07692307692307693,0.13333333333333333,0.02666666666666667,0.0,0.0,0.0,0.3333333333333333,0.0,1.0
0.061183684350839776,1.2775355352107881e-05,0.2692307692307692,0.16666666666666666,0.08,0.0,0.0,0.0,0.3333333333333333,0.0,1.0
0.20421221007731272,4.326315557486732e-06,0.38461538461538464,0.13333333333333333,0.23333333333333334,0.0,0.0,1.0,0.3333333333333333,0.0,1.0
0.8259130898427086,6.005943950393346e-06,0.38461538461538464,0.0,0.14666666666666667,1.0,0.0,0.0,0.9171374764595104,0.43021495610051463,1.0
0.03745667821914156,2.4430958442278016e-06,0.23076923076923078,0.26666666666666666,0.13333333333333333,1.0,0.0,0.0,0.3333333333333333,0.0,1.0
0.9200213276459611,5.242476499072158e-06,0.2692307692307692,0.0,0.05333333333333334,1.0,0.0,0.0,0.9295215405995633,0.2577777777777777,1.0
0.36656891495601174,4.122724237134416e-06,0.5,0.2,0.5,1.0,0.0,0.0,0.3333333333333333,0.0,1.0
0.26099706744868034,3.05895958829356e-05,0.19230769230769232,0.0,0.7733333333333333,0.0,0.0,0.0,0.5897020241579697,0.29928510730208424,1.0
0.13329778725673153,5.955046120305267e-06,0.07692307692307693,0.3,0.013333333333333334,1.0,0.0,0.0,0.3333333333333333,0.0,1.0
0.08944281524926687,1.969746024408665e-05,0.3076923076923077,0.3,0.25333333333333335,1.0,0.0,0.0,0.5714285714285715,0.4912280701754385,1.0
0.2488669688083178,4.733498198191366e-06,0.2692307692307692,0.2,0.05333333333333334,1.0,0.0,0.0,0.3333333333333333,0.0,1.0
0.045721141029058915,9.823281206999287e-06,0.34615384615384615,0.4666666666666667,0.64,1.0,0.0,0.0,0.2958801498127341,0.34782608695652173,1.0
1.0,0.0003055905718488275,0.23076923076923078,0.5,0.6533333333333333,1.0,0.0,0.0,0.3333333333333333,0.0,1.0
0.07038123167155426,9.477175962400347e-05,0.3076923076923077,0.5666666666666667,0.24666666666666667,1.0,0.0,1.0,0.930124517767377,0.2849515287099179,1.0
0.19088243135163957,3.970030746870178e-06,0.34615384615384615,0.7333333333333333,0.17333333333333334,1.0,0.0,0.0,0.6285714285714286,0.3278236914600551,1.0
0.09104238869634763,3.496680927051041e-05,0.3076923076923077,0.5666666666666667,0.49333333333333335,1.0,0.0,0.0,0.3333333333333333,0.0,1.0
0.3627032791255665,7.563417551088569e-05,0.6153846153846154,0.5333333333333333,0.64,1.0,0.0,0.0,0.3333333333333333,0.0,1.0
0.4256198347107438,8.790055256211279e-05,0.34615384615384615,0.0,0.42,0.0,0.0,0.0,0.7511018093072188,0.3862431962254461,1.0
0.31418288456411625,4.784396028279445e-06,0.2692307692307692,0.36666666666666664,0.8666666666666667,1.0,1.0,0.0,0.6352647835956979,0.3714284074516329,1.0
0.8517728605705145,5.140680838896e-06,0.11538461538461539,0.43333333333333335,0.04,1.0,1.0,1.0,0.3333333333333333,0.0,1.0
0.2787256731538256,5.517324781547786e-05,0.11538461538461539,0.0,0.37333333333333335,1.0,0.0,0.0,0.3333333333333333,0.0,1.0
0.6288989602772594,6.005943950393346e-06,0.2692307692307692,0.0,0.24,0.0,0.0,0.0,0.6314274369664483,0.12888888888888886,1.0
0.37643295121300985,3.6646437663417026e-06,0.4230769230769231,0.16666666666666666,0.17333333333333334,0.0,0.0,0.0,0.8871968415115624,0.5045823433208874,1.0
0.639029592108771,4.5299068778390495e-06,0.11538461538461539,0.2,0.10666666666666667,1.0,0.0,0.0,0.3333333333333333,0.0,1.0
0.781524926686217,8.34724413444499e-06,0.2692307692307692,0.26666666666666666,0.12,1.0,0.0,0.0,0.3333333333333333,0.0,1.0
0.5793121834177553,0.00011146624789289346,0.5384615384615384,0.5,0.9,1.0,0.0,0.0,0.3333333333333333,0.0,1.0
0.5441215675819782,4.733498198191366e-06,0.15384615384615385,0.23333333333333334,0.7466666666666667,1.0,0.0,1.0,0.6626506024096386,0.45592948717948717,1.0
0.2577979205545188,6.056841780481425e-06,0.4230769230769231,0.0,0.3,0.0,0.0,1.0,0.761248869362317,0.34175253474774864,1.0
0.1022394028259131,3.6137459362536237e-06,0.2692307692307692,0.3,0.18,0.0,0.0,0.0,0.6355175688509022,0.5192716640085061,1.0
0.08810983737669954,2.3413001840516433e-06,0.5,0.5666666666666667,0.22666666666666666,0.0,0.0,0.0,0.3333333333333333,0.0,1.0
0.5027992535323914,3.1047676353728316e-06,0.11538461538461539,0.2,0.04666666666666667,1.0,1.0,1.0,0.3333333333333333,0.0,1.0
0.5550519861370301,3.6646437663417026e-06,0.15384615384615385,0.23333333333333334,0.6466666666666666,1.0,0.0,1.0,0.6626506024096386,0.45592948717948717,1.0
0.1458277792588643,5.1406808388959995e-05,0.19230769230769232,0.36666666666666664,0.6333333333333333,0.0,0.0,0.0,0.21645021645021645,0.4494949494949495,1.0
0.6428952279392162,9.889448386113789e-05,0.23076923076923078,0.7,0.41333333333333333,1.0,0.0,0.0,0.9295215405995633,0.2577777777777777,1.0
0.6635563849640096,6.056841780481425e-06,0.3076923076923077,0.23333333333333334,0.38666666666666666,1.0,0.0,1.0,0.3333333333333333,0.0,1.0
0.9212210077312717,5.832891328093877e-05,0.38461538461538464,0.7333333333333333,0.8,0.0,0.0,0.0,0.8187702265372169,0.6347381864623244,1.0
0.21194348173820315,4.020928576958257e-06,0.19230769230769232,0.3,0.08,1.0,1.0,1.0,0.3333333333333333,0.0,1.0
0.3723007198080512,3.715541596429782e-06,0.15384615384615385,0.26666666666666666,0.6466666666666666,1.0,0.0,1.0,0.6626506024096386,0.45592948717948717,1.0
0.37843241802186084,7.125696212331088e-07,0.19230769230769232,0.13333333333333333,0.02666666666666667,1.0,0.0,0.0,0.3333333333333333,0.0,1.0
0.6687549986670221,4.173622067222495e-06,0.2692307692307692,0.1,0.36,1.0,0.0,0.0,0.3333333333333333,0.0,1.0
0.04905358571047721,1.012866818752776e-05,0.46153846153846156,0.8333333333333334,0.38666666666666666,1.0,0.0,0.0,0.8764224491250042,0.498638587174944,1.0
0.40189282857904557,8.143652814092673e-06,0.23076923076923078,0.3,0.17333333333333334,1.0,0.0,0.0,0.3333333333333333,0.0,1.0
0.06238336443615036,3.715541596429782e-06,0.19230769230769232,0.2,0.04666666666666667,1.0,0.0,0.0,0.9117193264909104,0.3400255106498226,1.0
0.17995201279658757,3.4610524459893857e-06,0.23076923076923078,0.4,0.10666666666666667,1.0,0.0,0.0,0.44144144144144143,0.33744855967078186,1.0
0.10970407891229006,2.799380654844356e-06,0.3076923076923077,0.4,0.08666666666666667,1.0,1.0,0.0,0.3333333333333333,0.0,1.0
0.7119434817382031,4.9370895185436825e-06,0.46153846153846156,0.23333333333333334,0.06,0.0,0.0,0.0,0.3333333333333333,0.0,1.0
0.7134097573980271,6.158637440657584e-06,0.2692307692307692,0.0,0.41333333333333333,1.0,0.0,0.0,0.5775319793323156,0.5524679323020127,1.0
0.23553719008264462,6.296061581895397e-05,0.3076923076923077,0.0,0.17333333333333334,1.0,0.0,0.0,0.6363636363636364,0.7,1.0
0.18061850173287122,8.00113888984605e-05,0.38461538461538464,0.5333333333333333,1.0,0.0,0.0,0.0,0.7822860140791671,0.4862329560349265,1.0
0.6235670487869901,0.00010546030394250011,0.34615384615384615,0.13333333333333333,0.2866666666666667,1.0,0.0,0.0,0.7383200193657711,0.3765845845845846,1.0
0.35643828312450015,3.323628304751572e-05,0.2692307692307692,0.2,0.16666666666666666,0.0,0.0,0.0,0.8795842652338467,0.33384735896874884,1.0
0.5346574246867501,7.130785995339896e-05,0.34615384615384615,0.2,0.24,1.0,0.0,1.0,0.7331209368136111,0.3624691358024691,1.0
0.07704612103439083,1.4913064215807206e-05,0.5384615384615384,0.8333333333333334,0.8,0.0,0.0,1.0,0.7575757575757575,0.42864197530864195,1.0
0.23287123433751,3.6137459362536237e-06,0.2692307692307692,0.1,0.05333333333333334,1.0,0.0,1.0,0.3333333333333333,0.0,1.0
0.3284457478005865,7.431083192859564e-06,0.34615384615384615,0.0,0.3933333333333333,1.0,0.0,0.0,0.8298503426256065,0.5595047105500186,1.0
0.559584110903759,1.017956601761584e-06,0.2692307692307692,0.13333333333333333,0.04,0.0,0.0,0.0,0.3333333333333333,0.0,1.0
0.9644094908024526,6.718513571626455e-06,0.4230769230769231,0.0,0.02,1.0,0.0,0.0,0.3333333333333333,0.0,1.0
0.6883497733937617,0.00025438735478021987,0.6153846153846154,0.7,0.08666666666666667,0.0,0.0,1.0,0.3333333333333333,0.0,1.0
0.12903225806451613,1.781424053082772e-05,0.46153846153846156,0.36666666666666664,0.6,0.0,0.0,0.0,0.3333333333333333,0.0,1.0
0.07984537456678219,2.54489150440396e-07,0.4230769230769231,0.3333333333333333,0.16666666666666666,0.0,0.0,0.0,0.3333333333333333,0.0,1.0
0.06998133830978406,2.239504523875485e-06,0.3076923076923077,0.0,0.02666666666666667,1.0,0.0,0.0,0.3333333333333333,0.0,1.0
0.7908557717941882,6.922104891978771e-06,0.34615384615384615,0.43333333333333335,0.7,1.0,1.0,1.0,0.3333333333333333,0.0,1.0
0.40349240202612635,1.1655603090170137e-05,0.3076923076923077,0.7,0.2,1.0,0.0,0.0,0.3333333333333333,0.0,1.0
0.3073846974140229,0.00023168692256093654,0.4230769230769231,0.2,0.22,1.0,0.0,0.0,0.9467401285583104,0.31725146198830406,1.0
0.0747800586510264,3.0538698052847523e-06,0.23076923076923078,0.16666666666666666,0.08,0.0,0.0,0.0,0.3333333333333333,0.0,1.0
0.7780591842175419,0.0002726087779517522,0.5384615384615384,0.0,0.36,0.0,0.0,0.0,0.5471128980596437,0.40370693875264657,1.0
0.7238069848040523,7.3801853627714845e-06,0.34615384615384615,0.0,0.09333333333333334,1.0,0.0,0.0,0.3333333333333333,0.0,1.0
0.07824580111970142,7.380185362771484e-05,0.23076923076923078,0.7333333333333333,0.56,0.0,0.0,0.0,0.3333333333333333,0.0,1.0
0.11743535057318048,5.944866554287651e-05,0.46153846153846156,0.5,0.3933333333333333,1.0,0.0,0.0,0.9283587822913666,0.6441223832528179,1.0
0.09837376699546788,8.092754984004593e-06,0.5769230769230769,0.6333333333333333,0.13333333333333333,0.0,0.0,0.0,0.3333333333333333,0.0,1.0
0.16515595841109038,1.654179477862574e-05,0.38461538461538464,0.16666666666666666,0.29333333333333333,0.0,0.0,0.0,0.20000000000000004,0.0,1.0
0.03199146894161557,8.550835454797306e-06,0.2692307692307692,0.5666666666666667,0.9333333333333333,0.0,0.0,0.0,0.7860969664900198,0.4898464755252465,1.0
0.6635563849640096,6.8203092318026136e-06,0.23076923076923078,0.3333333333333333,0.44,1.0,0.0,0.0,0.9358974358974358,0.6885620915032679,1.0
0.3624366835510531,5.955046120305267e-06,0.19230769230769232,0.3333333333333333,0.4533333333333333,0.0,0.0,0.0,0.9487952923385953,0.2826092799338414,1.0
0.07331378299120235,5.8023526300410295e-06,0.11538461538461539,0.26666666666666666,0.04666666666666667,1.0,0.0,0.0,0.3333333333333333,0.0,1.0
0.5115969074913357,1.1859194410522455e-05,0.38461538461538464,0.0,0.23333333333333334,1.0,0.0,1.0,0.6165400803116401,0.28742707364114733,1.0
0.7200746467608637,4.3772133875748115e-06,0.15384615384615385,0.36666666666666664,0.08666666666666667,1.0,0.0,1.0,0.3333333333333333,0.0,1.0
0.1948813649693415,8.301436087365718e-05,0.23076923076923078,0.0,0.17333333333333334,0.0,0.0,0.0,0.5740740740740741,0.18203309692671393,1.0
0.3381764862703279,3.1047676353728316e-06,0.3076923076923077,0.3,0.02666666666666667,0.0,0.0,0.0,0.3333333333333333,0.0,1.0
0.6696880831778192,6.973002722066851e-06,0.4230769230769231,0.43333333333333335,0.02666666666666667,1.0,0.0,0.0,0.3333333333333333,0.0,1.0
0.40549186883497734,4.631702538015207e-06,0.2692307692307692,0.26666666666666666,0.16,1.0,0.0,0.0,0.3333333333333333,0.0,1.0
0.18448413756331644,3.4101546159013068e-06,0.34615384615384615,0.4,0.06666666666666667,1.0,1.0,0.0,0.3333333333333333,0.0,1.0
0.8372434017595308,6.107739610569505e-06,0.19230769230769232,0.13333333333333333,0.04666666666666667,1.0,0.0,0.0,0.6656652360515022,0.3712956058220786,1.0
0.3615035990402559,3.2116530785577975e-05,0.2692307692307692,0.3333333333333333,0.04666666666666667,0.0,0.0,0.0,0.3333333333333333,0.0,1.0
0.06811516928818982,2.5957893344920396e-06,0.23076923076923078,0.23333333333333334,0.12666666666666668,0.0,0.0,0.0,0.3333333333333333,0.0,1.0
0.48627032791255664,6.077200912516657e-05,0.3076923076923077,0.4,0.43333333333333335,1.0,0.0,0.0,0.3333333333333333,0.0,1.0
0.9565449213543055,4.886191688455603e-06,0.15384615384615385,0.23333333333333334,0.6866666666666666,1.0,0.0,1.0,0.6275071633237822,0.19962134658620279,1.0
0.1483604372167422,1.3131640162724434e-05,0.3076923076923077,0.0,0.9933333333333333,0.0,0.0,1.0,0.9220295839955649,0.5390632470263013,1.0
0.22540655825113304,0.00010912494770884182,0.4230769230769231,0.5,0.32666666666666666,0.0,0.0,0.0,0.45134099616858236,0.4932844932844933,1.0
0.9044254865369235,6.6676157415383756e-06,0.15384615384615385,0.2,0.6133333333333333,1.0,0.0,0.0,0.3333333333333333,0.0,1.0
0.5706478272460677,0.00018536989718078445,0.3076923076923077,0.9,0.2733333333333333,0.0,0.0,0.0,0.5833333333333334,0.36296296296296293,1.0
0.9988003199146894,5.140680838896e-06,0.19230769230769232,0.3,0.41333333333333333,1.0,1.0,0.0,0.8025223499361429,0.4920332638489405,1.0
0.3865635830445215,7.115516646313473e-05,0.3076923076923077,0.6666666666666666,0.88,1.0,1.0,0.0,0.6195540635056638,0.20581272495065597,1.0
0.996534257531325,0.0001539150381863515,0.23076923076923078,0.36666666666666664,1.0,1.0,0.0,0.0,0.9354094579008073,0.42285678735846716,1.0
0.3199146894161557,0.0001588521277048952,0.34615384615384615,0.43333333333333335,0.8666666666666667,0.0,0.0,0.0,0.9231102231102232,0.6133882624087691,1.0
0.9762729938683018,5.598761309688712e-06,0.15384615384615385,0.23333333333333334,0.6133333333333333,1.0,0.0,0.0,0.3333333333333333,0.0,1.0
0.5459877366035724,4.886191688455603e-06,0.2692307692307692,0.36666666666666664,0.12666666666666668,1.0,1.0,0.0,0.3333333333333333,0.0,1.0
0.04038922953878966,2.748482824756277e-06,0.19230769230769232,0.26666666666666666,0.08,1.0,0.0,0.0,0.3333333333333333,0.0,1.0
0.7784590775793122,2.697584994668198e-06,0.3076923076923077,0.3333333333333333,0.34,0.0,0.0,0.0,0.3333333333333333,0.0,1.0
0.09797387363369768,0.0005705137774572798,0.5,0.5666666666666667,0.9333333333333333,0.0,0.0,1.0,0.3333333333333333,0.0,1.0
0.22167422020794456,3.308358955725148e-06,0.15384615384615385,0.0,0.02666666666666667,1.0,0.0,0.0,0.7530864197530865,0.38888888888888884,1.0
0.5134630765129299,3.0538698052847523e-06,0.34615384615384615,0.23333333333333334,0.21333333333333335,0.0,0.0,0.0,0.3333333333333333,0.0,1.0
0.33497733937616636,2.2038760428138296e-05,0.6923076923076923,0.8666666666666667,0.12,1.0,0.0,1.0,0.3333333333333333,0.0,1.0
0.5358571047720608,6.056841780481425e-06,0.15384615384615385,0.03333333333333333,0.08666666666666667,1.0,0.0,0.0,0.3333333333333333,0.0,1.0
0.7486003732338044,0.00035256926902012465,0.38461538461538464,0.5,0.6533333333333333,0.0,0.0,0.0,0.5493387541616782,0.23265397424802664,1.0
0.557584644094908,8.734067643114391e-05,0.2692307692307692,0.23333333333333334,0.4866666666666667,1.0,0.0,1.0,0.6359113109113109,0.44682877541972116,1.0
0.16022394028259132,5.140680838896e-06,0.2692307692307692,0.16666666666666666,0.18,1.0,0.0,0.0,0.3333333333333333,0.0,1.0
0.6580911756864836,4.580804707927128e-06,0.23076923076923078,0.23333333333333334,0.1,1.0,1.0,0.0,0.3333333333333333,0.0,1.0
0.07144761396960811,3.3592567858132274e-06,0.2692307692307692,0.16666666666666666,0.44666666666666666,1.0,0.0,0.0,0.5147292845443716,0.1128631056163153,1.0
0.6934150893095175,6.6676157415383756e-06,0.4230769230769231,0.3333333333333333,0.12666666666666668,1.0,0.0,0.0,0.3333333333333333,0.0,1.0
0.5807784590775793,6.871207061890693e-06,0.19230769230769232,0.26666666666666666,0.07333333333333333,1.0,1.0,0.0,0.6533333333333333,0.7281323877068557,1.0
0.7015462543321781,8.601733284885386e-06,0.3076923076923077,0.6,0.17333333333333334,0.0,0.0,0.0,0.3333333333333333,0.0,1.0
0.42668621700879766,0.0003260514995442354,0.2692307692307692,0.03333333333333333,0.82,0.0,0.0,0.0,0.3333333333333333,0.0,1.0
0.38136496934150893,8.754426775149623e-06,0.19230769230769232,0.13333333333333333,0.07333333333333333,1.0,0.0,0.0,0.3333333333333333,0.0,1.0
0.061183684350839776,4.428111217662891e-06,0.15384615384615385,0.26666666666666666,0.02,1.0,0.0,0.0,0.3333333333333333,0.0,1.0
0.9813383097840576,8.703528945061545e-06,0.38461538461538464,0.26666666666666666,0.4066666666666667,1.0,0.0,0.0,0.7007721283624826,0.3943442165737529,1.0
0.498000533191149,1.9646562413998573e-05,0.23076923076923078,0.23333333333333334,0.13333333333333333,1.0,0.0,0.0,0.3333333333333333,0.0,1.0
0.1738203145827779,0.00021412717118054922,0.3076923076923077,0.23333333333333334,0.9933333333333333,0.0,0.0,0.0,0.688656383452891,0.5968929292929291,1.0
0.3778992268728339,1.2724457522019801e-06,0.19230769230769232,0.06666666666666667,0.14,0.0,0.0,0.0,0.3333333333333333,0.0,1.0
0.5543854972007465,6.662525958529568e-05,0.4230769230769231,0.16666666666666666,0.29333333333333333,1.0,0.0,0.0,0.9144620811287479,0.5018875366238449,1.0
0.4680085310583844,2.1886066937874058e-06,0.34615384615384615,0.3,0.05333333333333334,1.0,0.0,0.0,0.6172839506172839,0.21021021021021022,1.0
0.5773127166089043,0.00011441832203800205,0.5,0.36666666666666664,0.22666666666666666,0.0,0.0,0.0,0.7539797395079595,0.13976979093258163,1.0
0.4184217541988803,3.715541596429782e-06,0.23076923076923078,0.16666666666666666,0.12,1.0,0.0,0.0,0.9294332822292155,0.35678019323671495,1.0
0.9972007464676086,0.0001965674198001619,0.34615384615384615,0.16666666666666666,0.76,1.0,0.0,0.0,0.3333333333333333,0.0,1.0
0.07264729405491868,3.308358955725148e-06,0.3076923076923077,0.26666666666666666,0.08,1.0,1.0,0.0,0.3333333333333333,0.0,1.0
0.5998400426552919,0.00012739726871046226,0.19230769230769232,0.43333333333333335,0.7733333333333333,1.0,0.0,0.0,0.3333333333333333,0.0,1.0
0.5031991468941616,8.718798294087968e-05,0.34615384615384615,0.3333333333333333,0.5133333333333333,0.0,0.0,0.0,0.3333333333333333,0.0,1.0
0.41069048253798984,4.428111217662891e-06,0.2692307692307692,0.0,0.19333333333333333,1.0,0.0,0.0,0.6821035071531547,0.26738447368453166,1.0
0.5565182617968542,4.3772133875748115e-06,0.15384615384615385,0.23333333333333334,0.6466666666666666,1.0,0.0,1.0,0.6626506024096386,0.45592948717948717,1.0
0.4320181284990669,8.902030482405053e-05,0.19230769230769232,0.0,0.42,1.0,0.0,0.0,0.3333333333333333,0.0,1.0
0.7155425219941349,7.889163663652277e-06,0.4230769230769231,0.0,0.11333333333333333,1.0,0.0,1.0,0.48254896615427145,0.46622452509736806,1.0
0.08824313516395628,2.1275292976817108e-05,0.46153846153846156,0.2,0.03333333333333333,0.0,0.0,0.0,0.3333333333333333,0.0,1.0
0.3452412689949347,4.026018359967065e-05,0.34615384615384615,0.4666666666666667,0.07333333333333333,0.0,0.0,0.0,0.3333333333333333,0.0,1.0
0.0946414289522794,2.3413001840516433e-06,0.19230769230769232,0.13333333333333333,0.29333333333333333,1.0,0.0,1.0,0.3333333333333333,0.0,1.0
0.16968808317781925,8.601733284885386e-06,0.3076923076923077,0.16666666666666666,0.7733333333333333,0.0,0.0,0.0,0.6920970142719552,0.2412259420993045,1.0
0.7147427352705945,4.987987348631762e-06,0.15384615384615385,0.26666666666666666,0.08666666666666667,1.0,1.0,0.0,0.3333333333333333,0.0,1.0
0.2713942948547054,4.2245198973105736e-06,0.2692307692307692,0.0,0.03333333333333333,0.0,0.0,0.0,0.3333333333333333,0.0,1.0
0.08930951746201013,2.2547738729019087e-05,0.4230769230769231,0.0,0.18,0.0,0.0,0.0,0.3333333333333333,0.0,1.0
0.38576379632098107,4.886191688455603e-06,0.19230769230769232,0.0,0.21333333333333335,1.0,0.0,0.0,0.3333333333333333,0.0,1.0
0.07717941882164756,4.428111217662891e-06,0.34615384615384615,0.0,0.14,1.0,0.0,0.0,0.3333333333333333,0.0,1.0
0.9852039456145028,4.428111217662891e-06,0.5384615384615384,0.16666666666666666,0.04666666666666667,0.0,0.0,0.0,0.3333333333333333,0.0,1.0
0.5007997867235404,1.0790339978672791e-05,0.19230769230769232,0.4,0.98,0.0,0.0,1.0,0.3333333333333333,0.0,1.0
0.30525193281791524,3.3592567858132274e-06,0.2692307692307692,0.0,0.06666666666666667,1.0,0.0,0.0,0.3333333333333333,0.0,1.0
0.3001866169021594,6.90174575994354e-05,0.38461538461538464,0.7,0.26,0.0,0.0,0.0,0.9047619047619048,0.4666666666666666,1.0
0.03519061583577713,7.481981022947643e-06,0.34615384615384615,0.8333333333333334,1.0,0.0,0.0,0.0,0.3333333333333333,0.0,1.0
0.07424686750199946,6.6676157415383756e-06,0.19230769230769232,0.26666666666666666,0.9733333333333334,0.0,0.0,0.0,0.8963815789473685,0.36813838320429654,1.0
0.15062649960010663,8.963107878510748e-05,0.46153846153846156,0.2,0.3333333333333333,1.0,0.0,0.0,0.1869158878504673,0.22110739502043847,1.0
0.384297520661157,0.00021819899758759555,0.6153846153846154,0.5,0.22666666666666666,1.0,0.0,0.0,0.3333333333333333,0.0,1.0
